{
    "model_name": "bp_hypothermia",
    "parameters": {
        "CBFn": 0.006605552399662654,
        "K_sigma": 8.145101847268613,
        "NADpool": 4.153199148804738,
        "O2_n": 0.023995361286389277,
        "Q_10": 5.3401131124081465,
        "R_auto": 6.651712543942307,
        "Xtot_n": 3.8994267074444435,
        "k_aut": 0.8356376285578566,
        "n_h": 2.272349488140567,
        "phi": 0.034814830787808684,
        "r_0": 0.01164534229164583,
        "r_n": 0.020783309226739485,
        "r_t": 0.016203716990128746
    },
    "inputs": [
        "SaO2sup",
        "temp",
        "P_a"
    ],
    "targets": [
        "HbO2",
        "HHb",
        "CCO"
    ],
    "debug": true
}