{
    "model_name": "bp_hypothermia",
    "parameters": {
        "r_t": 0.018177,
        "Xtot_n": 3.500000,
        "k_aut": 0.082373,
        "Dpsi_n": 125.000000,
        "r_m": 0.027566,
        "P_an": 50.734434,
        "Q_10": 5.851573,
        "a_frac_n": 0.083279,
        "temp_n": 35.399551,
        "CMRO2_n": 0.023998,
        "r_0": 0.013417,
        "P_ic": 3.623116,
        "r_n": 0.022400,
        "phi": 0.028800,
        "pH_on": 6.974131,
        "NADpool": 4.477801,
        "df": 0.267628
    },
    "inputs": [
        "SaO2sup",
        "temp",
        "P_a"
    ],
    "targets": [
        "HbO2",
        "HHb",
        "CCO",
        "Hbdiff",
        "HbT"
    ],
    "debug": false
}